account,password,name,email,status,neck_name,regDate
aaaaa,Do!ng456,蘭斯洛特,saber001@gmail.com,General Member,劍蘭,2020-11-9
bbbbb,Do!ng456,弗蘭肯斯坦,berserker001@gmail.com,General Member,弗蘭,1999-10-16
ccccc,Do!ng456,瑪莉安東尼德,rider001@gmail.com,Uncertified Member,王后,2001-9-11
ddddd,Do!ng456,庫夫林,lancer001@gmail.com,Uncertified Member,狗哥,1989-7-18
eeeee,Do!ng456,埃列什基迦勒,lancer002@gmail.com,General Guide,埃蕾,2018-10-26
fffff,Do!ng456,阿爾托莉亞,saber002@gmail.com,General Guide,吾王,2016-8-17
ggggg,Do!ng456,愛麗斯菲爾,caster001@gmail.com,Uncertified Guide,太太,2015-12-25
hhhhh,Do!ng456,斯卡薩哈,lancer003@gmail.com,Uncertified Guide,師匠,2014-5-26
iiiii,Do!ng456,愛德蒙,Ave001@gmail.com,Suspended Member,30單的男人,2007-4-17
jjjjj,Do!ng456,安紐,Ave002@gmail.com,Suspended Guide,最廢從者,2015-12-31
EEIT124,test123,管理者,doc001@gmail.com,Administrator,醫生,2017-4-9
